taxa,full_name,wg_genbank,cox1_genbank,gene,AA_seq
> Archaea (outgroup),Halosimplex rubrum,CP058910.1,QLH79945.1,cbb3-type cytochrome c oxidase subunit I [Halosimplex rubrum],MSSVKRWFVTTNHKDIGILYTITALFFLVLGGVLAMLMRVQLWSPGAGVLSAGAYNQAVSAHGLLMVFWFISPFAFGFANYLVPLQIGADDLAFPRLNAMSYWAYLFSGLLFIASFFQGGTFDGGWTMYAPLNLPTYMPNIGGTTVVLALIMFIAAVTMGSVNFLTTMYRMRAEGLRMRDLPMFSMSILLTVWMMLFAFAALLAALMILAAEHLFGVTYFSAEGGTLLWTHLFWFFGHPEVYIVFFPALGIMAECFQTFTGQRIVGRKWFVLAMVLVALQSFVVWMHHMFLTGINLEIKTLFMVTTIGISLPFDLMVFSLIYTMIKGRIRFTTPFLFSLGALILFIIGGITGVFLGAVVLDYEFRGTYWVVAHFHYVMVGGATGLFAGVYYWFPKMTGRMYDETLGKLHFALYFVGFNLLYFPLFVAWETPRRVFDYAPGLTSWHQVASIGGFVLGASFLVMFYNLFKSMAVGEEVGDNPWEYSTTAEWAVSSPPPLENFPGKPSYASGELSFRDEPELTADGSGDGKPVVSVSPRSDGGVASGASETSSGPRSDGGSVRTEGATAGGGTGLVGGTGTATPAAAGTATTHGEERHADHASFWPFVVCFAGFLTFLGVSGIRSGGVYPGLTAVGAVLSAVGFVGFANESFYVPEPTVAEQWPFGGVENMKLGMWTFLASDVVLFGGFVGSYLFLRVANGWMHWHHAFIPEAHVTFPGLVNTYLLLASSFAVVLSLVAAHRNSSRGVVASLTVTWLLGVGFLINKGMEWQHLFHISTEAFPNGWAVGTNVASSTFYLTTGLHGAHVIVGLVMLLYMIPRAWRGAYLDDDSSLEYFGLYWHFVDIVWLFLFPLFYIL
> Acinetobacter (sig),Acinetobacter baumannii,LT605059.1,SCD14880.1,cytochrome c assembly protein [Acinetobacter baumannii],MISLPLVYTILALIAYTTSFWYLFIRLMSKREPNPWLFAFVTTLALLLHGTVLCHAMLTPSGINYDVFNLVSFTSGLMLLLSLVFSTFRPIVPLNLLGIPVAAIGLILGFAFSRPDQFIEQHSLGLDTHIILSLSAYAVLLMATIHAILIWFQNRELKKKQKKRIWVNLLPSIQAMESLLFDLIITGFILLTIALAFGFLTVDSFFAQHLAHKTVFSIISWFIYGSLLIGHYKLGWRGQKAIRFTLIGFALLAIGFIGSKFVLEMILGR
> Alteromonas (non-sig),Alteromonas macleodii,CP003841.1,AFS39352.1,cytochrome c oxidase subunit I [Alteromonas macleodii ATCC 27126],MSKATEVISPDTSAPHDGHLHDDHEHHDHIPKGITRWLFTTNHKDIGTLYLWFAFIMFLVGGAMAMVIRAELFQPGLQIVEPNFFNQMTTVHGLIMVFGAVMPAFTGLANWLIPMMIGAPDMALPRMNNWSFWILPGAFLILLSSLFMEGGGPAFGWTFYAPLSTTYSGDSTALFVFSVHIMGISSIMGAINVIVTIFNMRAPGMTWMKMPLFVWTWLITAFLLIAVMPVLAGAVTMVLTDKFFGTSFFDAAGGGDPVMFQHIFWFFGHPEVYIMILPAFGIISQIVPTFSRKQLFGYASMVYATASIALLSFVVWAHHMFTTGMPVYMEMFFMFATMLISVPTGVKVFNWVATMWRGSLSFEMPMMFAIAFIVLFTIGGLSGLMLAITPVDFQYHDTYFVVAHFHYVLVTGAVFSIMAAVYYWLPKWTGKMYDTALAKWHFWCSLVSVNVLFFPMHFVGLAGMPRRIPDYALQFADFNKWISLGGFAFGLSQLIFLALLIKACKKQGEPVSAQVWDGAEGLEWEIPSPAPYHTFETPPVVK
> Arcobacter (sig),Arcobacter lacus,MUXF01000019.1,PUE64869.1,cytochrome C [Arcobacter lacus],MNWKLPFDIPLITPTLGLPLEFFSILGIIVFVVHICFIYMLIGASTASVIYNIMGVFKKDSNYDKFAYRMTNYTTVSENMGALWGVAPLLVISVLFTGFFYTAILKISPHILHIIYGNIIAFLLSYAYKFSWHALENHKGFHIAIGLSAVLAFFTLPFVFMSMTNLYMQPELFASINNIWEIMFTPVTGFRLLNFFLTAFMATGIVMIFIGARWVKRGDTEIGKISISQGKKWFLLATPLNIVVMPLLPFVFTARISEALMHTGFIYLPFIASLLLIVAFLYVLSKFKDEVVSSQSAFRVVALVLLSIFLMATTREGVRVVSFAEPLALQAQATEDFMNASLTEYKKYKEEMANKPALDLNDPAVLAESKGCFSCHNVDVKLVGPSFKEVSTKNSEVAVLVKSMMNGSENKYDVIPMPPQDVSEDEAKKLATWILELKEAK
> Aureitalea (sig),Aureitalea marina,MQUB00000000.1,PQB05155.1,cytochrome c oxidase subunit I [Aureitalea marina],MSAHAPAAAIDHHDDHEHHHKETFVTKYIFSQDHKMISKQYLITGLIMGFIGIAMSLLFRLQLAWPDKEFGIYEILLGKWGEGGVMDPNVYLALVTIHGTIMVFFVLTAGLSGTFSNLLIPLQIGARDMASGFLNMISYWLFFLSSVIMVMSLFVEAGPASAGWTIYPPLSALPQAMPGSGAGMTLWLVSMAVFIASSLLGSLNYIVTVLNLRTKGMSMTRLPLTIWAFFVTAIIGVVSFPVLLSAALMLIMDRSFGTSFFLSDIFIAGEVLHNQGGSPVLFEHLFWFLGHPEVYIVLLPALGITSEVIATNSRKPIFGYRAMVASILAIAFLSTIVWGHHMFISGMNPFLGSVFTFTTLLIAIPSAVKAFNYITTLWKGNLQLNPAMLFSIGLVSTFITGGLTGIILGDSALDINVHDTYFVVAHFHLVMGISALYGLFAGVYHWFPKMFEGRMMNKNLGYVHFWVTAIGAYGVFFPMHFIGMAGLPRRYYTNTAFPYFDDLADVNVVISIFAFIAGAAQLVFLYNFISSMFYGKKGPKNPWNSNTLEWTAEVKHIHGNWDGPIPHVYRWAYDYSKLNKDESDYVIPGQDFVPQDVPLQENEEELNH
> Azonexus (sig),Azonexus fungiphilus,RBXP01000018.1,RKT50364.1,cytochrome c oxidase cbb3-type subunit 1 [Azonexus fungiphilus],MSGTQTTYNDKVVRQFTVMTVIWGIVGMLVGVIIAAQLVWPELNFGPWLHFGRLRPLHTNAVIFAFGGCALFATSYWCVQRTCHTRLWGGPLVPFTFWGWQLVILLAAVSLPLGFTTGKEYAELEWPIDILITLVWVSYGLVFFGTIAKRTVSHIYVANWFFGSMIIAVALLHLVNSAAVPVSLTRSFSVYSGVQDAMVQWWYGHNAVGFFLTAGFLGMMYYFVPKQAGRPVYSYRLSVVHFWALIFTYMWAGPHHLHYTALPDWTQSVGMLFSLILLAPSWGGMINGIMTLSGAWHKLRDDPILKFLITSLSFYGMSTFEGPMMSIKTVNALSHYTDWTVGHVHSGALGWVAMVSIGSMYYLLPRLFGKTEMYSTKLVTTHFWIATIGTVLYIASMWIAGVMQGLMWRAVNADGTLAYSFVESVKGSYPFWAIRWLGGVLFLTGMLIMAYNMFKTMAGGKTQDMPVVAPAGHHA
> Bauldia (sig),Bauldia litoralis,FMXQ00000000.1,SDB28484.1,cytochrome c oxidase subunit 1 [Bauldia litoralis],MAYGAAAAGHEHHHPTGWRRWLYSTNHKDIGTLYLIFAIFSGIVGGALSIGIRLELMQPGMQIFGDPEVFNVFTTAHGLIMIFFMVMPAMIGGFGNWFVPIMIGAPDMAFPRMNNISFWLLPPALLLLLISLFMPSAPGAHGVGGGWTIYPPLSTSGQPGPAMDFAILALHLAGASSILGAINFITTIFNMRAPGMTLHKMPLFVWSILVTTFLLLLALPVLAGAITMLLTDRNFGTTFFNPEGGGDPILFQHLFWFFGHPEVYILILPGFGMISQIISTFSKKPVFGYIGMAYAMIAIGFIGFVVWAHHMYTVGLSLSTQAYFLAATMVIAVPTGIKIFSWIATMWGGSIEFKTPMLWAIGFIFLFTLGGVTGVQLSNAGLDYALHDTYFVVAHFHYVLSLGAVFAIFGGWYYWFPKMSGYMYNERIGKLHFWVTFIGVNLVFFPQHFLGLSGMPRRYADYPDAFAGWNMVSSIGSYISAVGVFIFLWGVFDAFAKKRAAGNNPWGVGATTLEWQLSSPPPFHQWEVLPRIK
> Bizionia (sig),Bizionia arctica,BMFQ01000002.1,GGG49283.1,cytochrome c oxidase subunit 1 [Bizionia arctica],MSLYIDIPEDKEQLPSLKTGQGKLAWMASVDHKQLGIMYLWLALVFFVIGGLEAMMIRAQLALPNNDLISPELYNQIFTMHGTTMIFLVLMPASIGLGTYLIPLMIGANEMAFPRLNAFSFWMTCLGGMLLYFSFFAGGAPDAGWFNYAPLSENNYSSTQGVDYFLVGLILTGIGSIGAALNFITTVLTLRSPDIKLNMLPLFVWMIFVNAFLMLAAFPLLNAGLFMMLIDRQFDAHFFLASTGGSAILWQHFFWAFGHPEVYIIALPAFGIISEVIPVFSRKPIYGYKFVAASSIAIALLSYSVWAHHMFTVGLSNTVNAFFAISSMLIGIPTGLKIINWIGTMHKGSIRLTTPMLWAMAFLICFTFGGLTGISFAIVPITWQLTDTYYLVAHFHYVFLGGSLFGLFAGIYYWFPKMSGRMLCSKLGKWHFWLFVLGFNLTFFLQHVLGVLGMPRRIFTYPDLPYWKVLNMLATLGAVMMFVGMAIFFWNIYKTLKKPRTVGENPWDAWTLEWATPSPPELKNFDEIPRVHSRRPLWDINNPDNPDKKLN
> Blastopirellula (non-sig),Blastopirellula retiformator,SJPF01000001.1,TWT38719.1,cytochrome c oxidase subunit 1 [Blastopirellula retiformator],MAIAEAEQSSAPLPLVTQLHGWVTTVDHKRIGIMYILMSFLFLVVGGIEALLIRLQLWVPDNTLIGPDTFNQLFTMHGTTMIFFVVMPMLTGFANYMVPLMIGCRDVAFPRLNALGFWLSLFGGCILYTCYFTGDALYGMGSAPDVGWFAYAPLTSPAYARGGAVDYWILGTSVSGVGALTFAVNLIATILTMRAPGMKLNQVPLFVWMMLIDSWLILVAFPPLTAAQIMLILDRYAGAHFFDTQSGGSALLWQHLFWFFGHPEVYIMVLPAFGIISEIIPVFSRKVIFGYASMAAATAAIGLISLGVWAHHMFTVGLDDRLDAYFSAASFLIAVPTGIKVFNWTATLYGGRLKMRTPMLFALGFLSMFLIGGLTGIMLATVPVDWQVSDSYFLVAHFHYVLFGGSLFALMGGCYYWFPKATGKMLSEKLGLWHFWLLFIGFNLLFGPMHIAGILGMPRRVYTYEAGQGWEIWNQISTIGAFVMGFGILFFFINIAVSLRSGKKAGDDPWDAWTLEWATSSPPPSYNFEQILAVRSRRPLWDLKHPEDPDWKYE
> Bradyrhizobium (sig),Bradyrhizobium vignae,RDQF01000010.1,RXH04167.1,cytochrome c oxidase subunit 1 [Bradyrhizobium vignae],MATSAAAHGDHAQAHGHDEHAHPTGWRRYVYSTNHKDIGTMYLIFAVIAGIIGAAMSIAIRAELMYPGVQIFHETHTYNVFVTSHGLIMIFFMVMPAMIGGFGNWFVPLMIGAPDMAFPRMNNISFWLLPASFALLLMSTFVEGEPGANGVGAGWTMYVPLSSSGHPGPAVDFAILSLHLAGASSILGAINFITTIFNMRAPGMTLHKMPLFVWSILVTVFLLLLSLPVLAGAITMLLTDRNFGTTFFAPDGGGDPVLFQHLFWFFGHPEVYILILPGFGMISQIVSTFSRKPVFGYLGMAYAMVAIGGIGFVVWAHHMYTVGMSSATQAYFVAATMVIAVPTGVKIFSWVATMWGGSIEFRAPMIWAVGFIFLFTIGGVTGVVLANAGVDRVLQETYYVVAHFHYVLSLGAVFAIFAGWYYWFPKMSGYMYNESLAKLHFWVTFIGVNLVFFPQHFLGLSGMPRRYVDYPDAFAGWNLVSSVGSYISGFGVLIFLYCVIDAFARKVPAGDNPWGAGATTLEWTLSSPPPFHQFEVLPRVQ
> Elizabethkingia (sig),Elizabethkingia anophelis,ANIW01000057.1,ELR79882.1,"Cbb3-type cytochrome oxidase, subunit 1 [Elizabethkingia anophelis R26]",METQKFSYDNNIVRAFLYATIVFGIAGFILGLTAALMLFYPELPEFLFGTDDTTIQSLKSGNIQGLINTQGALGFGRIRMMHTNTVIWAFVCNSFFCAAYYSMQRLLKTRMYSDTLSWVHFWTWQIMIVVSWVTFAMGFNTSKEYAEHEWPVDILILISWVVFGLNMFGTIAKRRVRHLYVAIWFYLATWIGVALLHIVNNLEVPLDFWKSYSVYSGVKDAIVQWWYGHNAVAFVLTTPVLGMMYYFMPKAADRPVFSYKLSIIHFWSLIFVYLWAGPHHLQYTALPGWAQALATGFSIMLIAPSWGGMLNGLLTLRGAWDKVRENPVLKFFVVAVTCYGMATFEGPLLATKTLNKIGHFTDWVIGHVHLGALGWNGFMAFGVIYFMVPILWRTKLWSIKLANWHFWLGTLGVIFYAVPMYISGFTQGLMWKQFNPDGTLMYKNWLDTVTAIIPYYKLRFLGGSLYLTGALLMVVNIFKTVRQGSFQKEVAAEAPALAKIGNDRKAGEPVHLWIERMPVLLSIGAFITLSIGGAVEIIPTLTIKKNVPTISAVKPYSPLELEGRDLYIREGCNACHSQMIRPFRDEIVRFDGKNGQYSKAGEFVYDHPFLWGSKRTGPDLQREGNKNPDSWHFKHMYNPRSTSPGSIMPRFPWLITNELDRTHMVDKMKLMKNSFDIPYTKGQIDSANAWADSQAKVIVKKILSEAADVKDQVDKEKVAKGDKFVPIEKREIVALIAYLQRLGTDIKTTDVQTASNN
> Erythrobacter (non-sig),Erythrobacter litoralis,CP017057.1,AOL24085.1,cytochrome c oxidase subunit 1 [Erythrobacter litoralis],MATTAEGFDIHQEDHADHADHKPGFFSRWFMSTNHKDIGTLYLIFAIIAGVIGGAISGIMRLELAEPGIQYLTWWAGFMGGSSDLNTALHMWNVFITAHGLIMVFFMVMPAMIGGFGNWFVPLMIGAPDMAFPRMNNVSFWLTVAGFFSLLFSMFVPGGAGNGAGVGWTVYAPLSTTGSPGPAVDFAIFSLHLAGAGSILGATNFITTIFNMRAPGMTLHKMPLFVWSVLVTAFLLLLALPVLAAAITMLLTDRNFGTTFFDPAGGGDPVLYQHLFWFFGHPEVYIMILPGFGMISQIVATFSRKPVFGYLGMAYAMVAIGVVGFIVWAHHMYTVGLDVNTKMYFTAATMVIAVPTGVKIFSWVATMWGGSLEFKSPLVWALGFIFLFTVGGVTGVVLANGGIDDNLHDTYYVVAHFHYVLSMGAVFSMFAGFYYWFPKMSGRMHSELLSHIHFWLFFIGVNVIFFPQHFLGMQGMPRRYPDYTEAFTLWHQVSTYGYYIMAISMLFFFANLVYAFVAGRRAEANPWGEGATTLEWTLSSPPPFHQFETLPVIEDHHNYHDHRPLGEKPAGA
> Flexithrix (non-sig),Flexithrix dorotheae,,WP_020527382.1,"cytochrome-c oxidase, cbb3-type subunit I [Flexithrix dorotheae]",MKNPELSKLDVEFEQFSYDNATVRKFIIATTIFGIIGMLVGLTAAFQLVFPSLNFGLEYTTFGRIRPLHTNAIIFAFVGNSIYAGIYYSLQRLCKTRMFSDLLSSIHFWGWQSIILAAAITLPLGFTTGKEYAELEWPIDIAIALIWVVFGINMIGTIIKRRERHLYVAIWFYIATFVTVAVLHIVNSFELPVSLFKSYSVYAGVQDALVQWWYGHNAVAFFLTTPVLGLMYYFVPKAANRPVYSYRLSIIHFWALIFLYIWAGPHHLLYNSLPDWAQSLGTVFSVMLIAPSWGGMLNGLLTLRGVWDKVREDAVLKFMVVALTCYGMATFEGPMLSLKNFNAITHFTDWTIAHVHVGGLGWNGFMAFGMMYYLIPKLYGNKLFSMKLANFHFWIGTLGIIFYAIPMWWAGFTQSSMWKEFTPDGRLTYGFLETVTQLEPLYALRAFGGVLYLIGVFVMVYNLIKTANQGTFIPEESASAPALSNDFQKPKGEHWHRWIERKPVQMLVWSFIAIIIGTIIEFVPTFVVDSNIPTIASVRPYTPLELQGRDIYIKEGCYNCHSQMIRPFRSETERYGEYSKAGEFVYDHPFQWGSKRTGPDLHRIGGKYQNSWHYNHMLDPTSTSAGSIMPPYPWLYERVIDYESTPAKISAMRTLGVPYPEGYEDQAINDLKLQALEVVDKLKEESNTVTSPELEIVALIAYLQRMGTDIKGTN
> Gilvibacter (non-sig),Gilvibacter sp.,CP019333.1,ARV11542.1,cytochrome c oxidase subunit I [Gilvibacter sp. SZ-19],MSAQGYAHPVEHDDHGHHHKETFITKYIFSQDHKMISKQYLITGLFMGIIGIAMSLIFRLQLAWPDKQFTIYEVLLGKWGEDGIMDPSVYLALVTIHGTIMVFFVLTAGLSGTFSNLLIPLQIGARDMASGFLNMVSYWLFFLSSIIMVMSLFVEAGPASAGWTVYPPLSALPQAIPGSGAGMTLWLVSMTIFIASSLLGSLNYIVTVINLRTKGMSMTRLPLTIWAFFVTAIIGVISFPVLLSAGLMMVMDRSFGTSFFLSDIYIAGEVLHNQGGSPVLFEHLFWFLGHPEVYIVLLPALGITSEVIATNARKPIFGYRAMVASILAIAFLSTIVWGHHMFISGMNPFLGSVFTFTTLLIAIPSAVKAFNYITTLWKGNLQLNPAMLFSIGLVSTFITGGLTGIILGDSALDINVHDTYFVVAHFHLVMGISALYGLFAGVYHWFPKMFQGRMMNKNLGYVHFWITAIGAYGVFFPMHFIGMAGLPRRYYTNSAFPYFDDLADVNVVISIFAFITGAAQLVFLYNFIHSMFYGKKGPKNPWNSNTLEWTAEVKHIHGNWDGPIPEVHRWAYDYSKLNKDESDYVIPGQDFVPQHIPLQDNEEEMNH
> Litorimonas (sig),Litorimonas taeanensis,RBII01000002.1,RKQ69272.1,cytochrome c oxidase subunit 1 [Litorimonas taeanensis],MVAISDNDEGMYDDGKPGFFARWFYSTNHKDIGTLYLIFGIISGLIGGFLSFMMRMELAEPGIQIFSNEHTYLVYVSMHGLIMIFFMVMPALIGGFGNWFVPIMIGAPDMAFPRMNNLSFWLLPTALICLLISFAVPGSASGNGFGGAWVMYPPLSTTGSPGPSFDFIIIGLLAAGFSSIFGAINFITTILNMRAPGMTLHKMPLFAWSVLVTAFLLLLALPVLAAALFMLFTDRIDGGTGFFDPARGGDPQMFQHLFWFFGHPEVYIMILPAFGIISHIISTFSRKPIFGYLGMAYAMVAIGVVGFVVWAHHMYTVGMDVDLKAYFLAATLVIAVPTGVKIFSWLATMWGGSIRYTIPMQWALAFIFLFVIGGVTGVVLANAGVDTYLHDTYYVVAHFHYVLSMGAVFGIFAGFYYWFGKMFGIMYNKWLAGAHFWLFFIGVNVIFFPQHFLGLNGMPRRYVDYPEEFALWNHVSSMGALITLAGVAFFFLMLLEAFIVRRKVTDNYWGEGATTLEWTLSSPPPYHQFNVLPRIEDNDHH
> Marixanthomonas (sig),Marixanthomonas spongiae,QEHR01000001.1,PVW17273.1,cytochrome c oxidase subunit I [Marixanthomonas spongiae],MSAHAQDVAVDHHDDHGHHHKETFITKYIFSQDHKMISKQYLITGIFMGIIGILMSVLFRMQIAWPEEPFTIYEIFLGKWAEGGVMDPSVYLALVTIHGTIMVFFVLTAGLSGTFSNLLIPLQIGARDMASGFLNMLSYWLFFISSVIMVCSLFVEAGPASAGWTIYPPLSALPQSIPGSGVGMTLWLISIAVFIASSLMGSLNYIVTTLNLRTKGMSMTRLPLTIWAFFVTAIIGVVSFPVLLSAALMLIMDRSFGTSFFLSDIYIAGEVLHNQGGSPVLFEHLFWFLGHPEVYIVILPAMGIVSEIMSTNARKPIFGYRAMVASILAIAFLSTIVWGHHMFVSGMNPFLGSVFTFTTLLIAIPSAVKAFNWITTIWKGNLQMNPAMLFCIAFVSTFITGGLTGIILGDSALDINVHDTYFVIAHFHLVMGISAVYGLLAGVYHWFPKMFEGRLMNKNLGYVHFWITAIGAYGIFFPMHFVGMAGLPRRYYTNTNFPYFDDLADINVVITVFAIITAAAQVVFLYNFFHSIFYGKIGPKNPWKSTTLEWTAEMKHIHGNWDGPIPHVYRWPYDYSKLNKDETDYVIPGQDFVPQTIPLKENEDELNH
> Modicisalibacter (non-sig),Modicisalibacter tunisiensis,,WP_263479044.1,cbb3-type cytochrome c oxidase subunit I [Modicisalibacter tunisiensis],MIEQPTLSHIVNGSIVTAAASLVVLGALATVVLITRFGKWRVLWSDWLTSVDHKRIGIMFIVVALVMLARAIIEAVFMRAQQAVGLDGGFLSAEHFGEFFTTHGTIMVFFMAMPFLTGVINYVMPLQIGARDLSFPVMNSVSLGLTAAGAALIMVSLVLTPFSTGGWSGYPPFTEASFNPGAGVDYWIWAVTLSSLGSTMTGINFAVTIYKERAPGMHLFRMPLFCWTALCTSILMIFAMPPLTVATAMLALDRYLDFHFFTQDLGGDMMNYVNLFWLFGHPEVYILILPAFGVFSEVFSTFSGKRLYGYKGLVIATMCIAVLSFTVWLHHFFTMGQSPSINAAFGIATMLIGVPTGVKIYDWMLTMYRGRVRLTIPMVYALGFLILFVLGGMTGILLANPSIDYQVHNTLFLVAHFHNMLVPGLLFGMLAGYQMWFPKAFGFRLETRWGYRAAYAWIAGFILAFFPLYALGLLGMPRRAVGFIEPAYLPWTIIAGIGALVVLFALFSLVMQFWLSLRHRHENRVPVGDPWDGRSLEWATPAPVPEYNFPVTPEVSSRDAFMREKDLGQAYQRPAEYRDITMPANSALGPILTVTGFLMAFGLVWYLWWLVLLAGVASVGALIARSFVRRTTKVISAEEVRETHEAWLRQVDETQAVKRDKEQDTSNRGRPAAPVSGAVQ
> Mucilaginibacter (sig),Mucilaginibacter corticis,VLPK01000001.1,TSJ44608.1,cytochrome c oxidase subunit I [Mucilaginibacter corticis],MIAKQFLITGITMAVIAMLLSILFRIQLAYPDKSFPLLETLLGRFAPEGRLDPEFYLSLVTIHGTIMVFFVLTAGLSGTFSNLLIPLQVGARDMASPFLNMLSYWFFFTACVIMLSSFFVQKGPAGGGWTIYPPLSALPTAMKGSGLGMTLWLISMVCFVASSLMGGINYVSTVLNMRTKGMDLWKMPLTIWAFFLTAILGVLSFPVLVAGVVLLIFDRSFGTSFYLSDIVVNGQVMPFEGGSPILFQHLFWFLGHPEVYIVIMPAMGISSEIMSVNSRKPIFGYHAMVYSLIGITVLSFIVWGHHMFITGMNPFLGGVFMITTLIIAVPSAVKTFNWLATLWRGNIRFTPAMLFAIGMVSFFISGGITGIFLGNAALDINLHDTYFVVAHFHLVMGSAAIFGMLAGVYHWFPKMFGRMMDEKLGYLHFWLTFIGAYLVFFPMHFMGLDGVPRRYYAFTEFASMQRWLSVNMFITWAAIMSACAQVAFLYNFISSIFFGKKATQNPWQANTLEWTTPVEHLHGNWPGEIPSVYRWPYDYSKPGAEEDYILQTTPLSQTMSSNLPHDFEDNPAGLEALNKWTSTQKANEEVK
> Paracoccus (sig),Paracoccus sanguinis,JRKQ01000019.1,KGJ22806.1,cytochrome C oxidase subunit I [Paracoccus sanguinis],MADAAVHGHGEHHDTRGFFTRWFMSTNHKDIGVLYLFTAGVVGLISVCFTVYMRMELQHPGVQYMCLEGARLIPAAAGEVCTPNGHLWNVMITYHGVLMMFFVVIPALFGGFGNYFMPLHIGAPDMAFPRLNNLSYWLYVAGVALGVASLLAPGGNDQMGSGVGWVLYPPLSTTEGGYSMDLAIFAVHVSGASSILGAINIITTFLNMRAPGMTLFKVPLFAWSVFITAWMILLSLPVLAGAITMLLMDRNFGTHFFDPAGGGDPVLYQHILWFFGHPEVYMIILPGFGIISHVIATFSRKPIFGYLPMVLAMAAIAILGFVVWAHHMYTAGLSLTQQAYFMLATMTIAVPTGIKVFSWIATMWGGSIEFKTPMLWAFGFLFLFTVGGVTGVVLSQAPLDRVYHDTYYVVAHFHYVMSLGAVYAIFAGVYFWIGKMSGRQYPEWAGKLHFWAMFIGSNLLFFPQHFLGREGMPRRYIDYPEAFGYWNNISSIGAYLSFASFLFFIGVVFYTLFAGKRVTENNYWNEYADTLEWTLPSPPPEHTFEQLPKREDWDHARAH
> Pelagicoccus (sig),Pelagicoccus albus,,WP_185658386.1,cbb3-type cytochrome c oxidase subunit 1 [Pelagicoccus albus],MNLICNLFSSVFPTLEGDGSKRDREQGIDASMRFATLGLIKGSVFWLLVSSLLGLIVSVKLHSPNYLSEYSWLTYGKAYPAFWNALIYGWLFNAGLACVVWIVSRLGGRPSGNSGLLIIASGAWNVSVLLGLLGIFKGDQTPFRMLEFPTYVAPLLFASFIGIGIWILLAFKSRVYRSSFASQWYALAGVFSFVWIYTVAQGMIFCSPAQGVFQSVVAAWFGGNLVGLVVIPFALAAVYYAIPKVLGQPIVGYRQSNIAFWSWILFSSCAGLASLGNGPFPAWVVSVGVVASFGLLLPLSIFSMQFLSSLLASFSKIWDTISIRFVFYAVVAFMVGTIFTILGALRGVQEVTQFSQYYDGVRFLVLVGFAGMSFTGVIYYILPRLVNKELPNTSLADLQFWVQGLGIFLITVGLVYGGYVHGSLLNQSTADTVAILENTKTYLFLTSLGFVIFSFGNFAYAVSFVWIILSPRTEKEKSADLIESAPELEYTHS
> Psychrosphaera (non-sig),Psychrosphaera ytuae,CP072110.1,QTH62927.1,cytochrome c oxidase subunit 1,MSSVDNTAVDHHDDHEHHGAPKGIMRWLLTTNHKDIGTLYLLFSLLMFFIGGAMAMVIRAELFQPGLQVVEPDFFNQMTTVHGLIMVFGAVMPAFVGLANWMIPMMIGAPDMALPRMNNWSFWILPFAFLILLMSLFMEGGGPNFGWTFYAPLSTTYSNDSTAFFVFSVHIMGISSIMGAINVIVTIFNLRAPGMTFMKMPLFVWTWLITAFLLIAVMPVLAGAVTMVLTDKYFATSFFDAAGGGDPVMFQHIFWFFGHPEVYIMILPAFGIISQIVPTFSRKKLFGYASMVYATASIAILSFVVWAHHMFTTGMPVAAELFFMYFTMLISVPTGVKVFNWVATMWRGAMTFEVPMMFSIAFIVLFTIGGLSGLMLAITPADFQYHDTYFVVAHFHYVLVTGAIFSIMAAAYYWLPKWTGNMFDEGLAKLHFWLSLISVNVLFFPMHFVGLAGMPRRIPDYATQFADFNAIISIGGFAFGLSQLLFVAVVYKCIKGGEKATDQVWEGAEGLEWEIPSPAPYHTFETPPKIK
> Reinekea (non-sig),Reinekea marinisedimentorum,SLZR01000007.1,TCS41004.1,cytochrome c oxidase subunit 1 [Reinekea marinisedimentorum],MTTLDHDHSDHGPAKGLSRWLFSTNHKDIGTLYLWFSLSMFFLGGLFAMVIRAELFQPGLQLVQPEFFNQMTTMHGLIMVFGAVMPAFVGLANWMIPLMIGAPDMALPRMNNLSFWILPFAFAMLVSTLFMEGGAPDFGWTFYAPLSTTYAPPSVTFFIFAVHIMGASSIMGAINVIATILNMRAPGMTWMKMPLFVWTWLITAFLLIAVMPVLAGVVTMMLMDIHFGTSFFSAAGGGSPLLFQHLFWFFGHPEVYIMILPAFGVVSAIIPAFARKKLFGYHSMVWATASIAVLSFIVWAHHMFTVGIPFAGELFFMASTMLIAVPTGVKVFNWVATMFHGSMTFETPMLFAIAFVVLFTIGGFSGLMLAVAPADFQYHDTYFVVAHFHYVLVPGAVFSIIAATYYWLPKWCGRMYNETLGKTHFWLSFIGVNVTFFPQHFIGLAGMPRRIPDYAVQFADFNMVSSIGAFFFGSSQLLFLFIIIHTIVAGKKAEAKPWEGAEGLEWTVPSPAPHHTFETPPDVK
> Rhizobium (sig),Rhizobium sp.,SLYE01000001.1,TCQ12500.1,cytochrome c oxidase subunit 1 [Rhizobium sp. PP-F2F-G36],MAGTTAHTDHLHDHSNGHDHSRDHAHDDHAHKPLTFFQRWFLSTNHKDIGTLYLIFAIFAGIIGGTLSVFMRAELQEPGIQIFHGLASMVYGFEGDAAIDGGKHMYNVFTTAHALIMIFFMVMPAMIGGFANWMVPIMIGAPDMAFPRMNNISFWLIIPAFLLVLLSMFVEGPAGGFGAGGGWTIYPPFSTSGQPGPAMDLVILGLHIAGASSILGAINFITTILNMRAPGMTLHKMPLFAWSVLITAFLLLLSLPVLAGGITMLLTDRNFGTSFFAPEGGGDPILFQHLFWFFGHPEVYILILPGFGIISHIVSTFSRKPIFGYLGMAYAMVAIGAVGFIVWAHHMYTVGMSLDTQRYFVFATMVIAIPTGVKIFSWIATMWGGSIRFATPMVWAIGFIFLFTVGGVTGVQLANAGLDRALHDTYYVVAHFHYVLSLGAVFAIFAGWYYWFPKMSGYMYNEFIGKLHFWVMFIGVNLVFFPQHFLGLAGMPRRYIDYPDAFAGWNFVSSIGSYISAVGVLIFLFGVWEAFSKKRVAGDNPWGEGANTLEWQLSSPPPFHQWEQLPRIR
> Rhodospirillum (sig),Rhodospirillum rubrum,CP003046.1,AEO49876.1,cbb3-type cytochrome c oxidase subunit I [Rhodospirillum rubrum F11],MTQATIARGARADTEPYVEGVIKKFVIAAVLWGVVGFIAGDVIAWQLAFPSLNMDLEWTSFGRLRPLHTSAVVFAFGGNVLLGTSLYVVQRTSRASLYGGAALGNIIFWGYQLFIVMAALGYVLGVTQGKEYAEPEWFVDLFLTVVWVLYLAAFLGTLLKRREPHIYVANWFFLAMIITIALLHLGNNMAIPVALMGGDSWVKSYGFYSGVQDAMTQWWYGHNAVGFFLTAGFLGIMYYFVPKQAQRPVYSYRLSIVHFWALIFLYIWAGPHHLHYTALPDWAQTVGMVFSVMLWMPSWGGMINGLMTLSGAWDKLRTDPVLRFLVVSVGFYGMSTFEGPMMSIKAVNSLSHYTDWTIGHVHSGALGWVAFVSFGALYYLVPALWKRRSLYSLKLVSLHFWIATLGIVLYITSMWVSGIMQGLMWRAYDELGFLQYSFIESVAAMHPYYIIRATGGVLFVIGSVVMVYNMYRTIKGDIREDAPQAAYLGSAAGVRR
> Ruegeria (non-sig),Ruegeria marisrubri,LQBQ01000001.1,KUJ85684.1,cytochrome C oxidase subunit I [Ruegeria marisrubri],MADAAIHGHEHEDQRGFFTRWFMSTNHKDIGILYLVFSAIAGLISVLMTVYMRLELMHPGVQYMCMEGFMADPCTPNGHVWNVMITYHGVLMMFFVVIPALFGGFGNYFMPLQIGAPDMAFPRMNNLSFWLYVAGTSLGVASMLSPGGNDQLGSGVGWVLYPPLSTTEGGMSMDLAIFAVHVSGASSILGAINMITTFLNMRAPGMTLFKVPLFSWSIFVTSWLILLSLPVLAGAITMLLMDRNFGFTFFDPAGGGDPVLYQHILWFFGHPEVYIVILPGFGIISHVIATFSRKPIFGYLPMVWAIIAIGFLGFVVWAHHMYTVGMSLRQQAYFMLATMVIAVPTGVKVFSWIATMWGGSIEFKTPMMFAFGFLFLFTVGGVTGVVLSQAGVDRAYHDTYYVVAHFHYVMSLGAVFAIFAGIYFYFGKMTGRQYSEFWGKVHFWTFFIGANLTFFPQHFLGRQGMPRRYIDYPEAFAQWNYVSSIGAFISFASFLLFFGIVFYALFRGARVTQNNYWNEYADTLEWTLPSPPPEHTFETLPKQEDWDKGHAH
> Sphingomonas (sig),Sphingomonas deserti,PXYI01000010.1,PSJ37028.1,cytochrome c oxidase subunit I [Sphingomonas deserti],MTDTTANATHFQTHEAHDAHHDADHKPGFFARWFMSTNHKDIGTLYLIFAIIAGIIGGTISGIMRAELMEPGLQVLPQWAGGNIDEAAHLWNVLITAHGLIMVFFMVMPAMIGGFGNWFVPIMIGAPDMAFPRMNNISFWLIVPAFLLLLGSAFVPGGLGNGAGIGWTAYAPLSTSGSSGPSVDLAIFALHLAGASSILGAINFITTIFNMRAPGMTLHKMPLFVWSVLVTAFLLLLSLPVLAGAITMLLTDRNFGTHFFDASGGGDPILYQHLFWFFGHPEVYIMILPGFGMVSHIIATFSRKPVFGYLGMAYAMVAIGVIGFVVWAHHMFTVGMDVNTKMYFTAATMVIAVPTGIKIFSWIATMWGGSISFQTPMMWAIGFIFMFTVGGVTGVVLANGGIDNNVHDTYYVVAHFHYVLSLGAVFALFAAWYYWFPKMFGKMYSEVLGQAHFWIFFIGVNVMFFPMHFLGMQGMQRRVPDYTDAYAHWNHVATIGYMIMAAGMIPFFINIFYSLAAGRKAEGNPWGEGATTLEWTLSSPPPFHQFETLPKID
> Tenacibaculum (non-sig),Tenacibaculum adriaticum,VNIA01000001.1,TYQ00311.1,cytochrome c oxidase subunit 1 [Tenacibaculum adriaticum],MSDHHHKETFVTKYMFSTDHKMISKQFLITGMFMGIIGVFMSMLFRLQIAWPEKSFSIIEAFLGHHQTDGVMNPDMYLALVTIHGTIMVFFVLTAGLSGTFSNLLIPLQIGARDMASGFLNMVSYWLFFISSVIMVISLFVEAGPASAGWTIYPPLSALPQAIPGSGAGMTLWLVSMAIFIASSLIGSLNYIVTVLNLRTKGMKMTRLPLTMWAFFITAIIGVISFPVLLSAALLLIFDRSFGTSFYLSDIFISGEVLHYQGGSPVLFEHLFWFLGHPEVYIILLPALGLTSEIISTNARKPIFGYRAMIGSIIAIAFLSTIVWGHHMFISGMNPFLGSVFTFTTVLIAIPSAVKAFNYVTTLWKGNLQMNPAMLFSIGLVSTFVTGGLTGLVLGDSALDINVHDTYFVVAHFHLVMGVSALFGMFAGIYHWFPKMYGRMMNKTLGYWHFWITIISAYGVFFPMHFIGLAGLPRRYYTNTNFPLFDDLANINVFMTVMAIIGGLAQLIFLANFFISIYRGQKASQNPWKSNTLEWTTPVEHVHGNWPGPIPHVYRWAYDYSKTDENGNYVHGKDFVLQNTPLKDGEEPS
> Thiogranum (sig),Thiogranum longum,SMFX01000001.1,TCK17076.1,cytochrome c oxidase subunit 1 [Thiogranum longum],MSTATAHDDHHGPASGLLRWVFTTNHKDIGTLYLLFSLLMFMVGGAMAMVIRAELFEPGLQFVEPQFFNSMTTMHALIMIFGAVMPGFVGLANWLVPMMIGAPDMALPRMNNWSFWILPFAFTMLLSTLFMEGGAPAGGWTMYPPLVLQTGNAFPFLIFSVHLMGISSIMGAINIVVTIVNMRAPGMTLMKMPLFVWTWLITAYLLIAVMPVLAGSVTMLLTDRFFDTSFFDAAGGGDPVMFQHIFWFFGHPEVYIMILPAFGIVSQIIPTFARKPLFGYSSMVYATSSIAFLSFIVWAHHMFTVGMPLTGELFFMYATMLIAVPTGVKVFNWVSTMWKGSMTFETPMLFAIGFVVMFTIGGFSGLMLAITPVDFQYHDTYFVVAHFHYVLVTGAVFSIMAAAYYWMPKWTGNMYNEKLGKLHFWLSTIFVNVLFFPQHFLGLAGMPRRIPDYSPQFTEFNQISSIGGFAFGLTQLLFVYIVFKTIRGGEKATDRVWEGANGLEWTLSSPPPYHSFTTAPEVK
> Tropicobacter (non-sig),Pelagimonas phthalicica,SOAP01000002.1,TDS91883.1,cytochrome c oxidase subunit 1 [Pelagimonas phthalicica],MADAAIHGHEHEDNRGFFTRWFMSTNHKDIGILYLIVSALAGLVSVIFTVYMRMELMEPGVQYMCQEGARLIATTVEQCTPNGHLWNVLITGHGILMMFFVVIPALFGGFGNYFMPLQIGAPDMAFPRMNNLSFWLYVAGTTLAVCSVFSPGGNGQLGSGVGWVLYPPLSTNEQGFSMDLAIFAVHVSGASSILGAINMITTFLNMRAPGMTLFKVPLFSWSIFVTSWLILLSLPVLAGAITMLLTDRNFGTTFFDPSGGGDPILYQHILWFFGHPEVYIVILPGFGIISHVIATFSRKPVFGYLPMVWAIIAIGALGFVVWAHHMYTVGMSLRQQSYFMLATMVIAVPTGVKVFSWIATMWGGSVEFKTPMMFALGFLMLFTIGGVTGVVLSQAGVDRAYHDTYYVVAHFHYVMSLGAVFAIFAGVYFYFPKMSGKMYSETLGHIHFWMFFIGANLTFFPQHFLGRQGMPRRYIDYPEAFATWNYWSSLGAFLSFASFLLFFYIVIHALLKGAKSTENNPWNEYADTLEWTLPSPPPEHTFEQLPKQEDWDKAPSH
> Vibrio (non-sig),Vibrio coralliirubri,CCJZ01000011.1,CDS98759.1,Cytochrome c oxidase subunit 1 [Vibrio coralliirubri],MSSPINKPVKSAPAEDQVLSHSVEGTLGNNDLPVDDHDSHAAPKGWARWLYSTNHKDIGTLYLWFSFAMFLTGGAMAMVIRAELFQPGLQLVEPDFFNQMTTVHGLIMVFGAVMPAFTGLANWMIPMMIGAPDMALPRMNNLSFWILPFAFLILIGSLFTEGGGPSFGWTFYAPLSTTYGPDSTALFVFSVHIMGISSIMGAINVIVTIVNMRAPGMTWFKLPMFVWTWLITAFLLIAVMPVLAGAVTMVLTDKYFGTSFFDAAGGGDPVMFQHIFWFFGHPEVYIMILPSFGIVSAIIPAFSGKRLFGYHSMVYATCSIALLSFLVWAHHMFTTGMPVFAELFFMYCTMLIAVPTGVKVFNWVATMWRGALTFETPMLFAIAFIVLFTIGGLSGLMLAIVPADFQYHDTYFVVAHFHYVLVTGAVFSIMAAAYYWLPKWTGHMYDHKLSLWHFWTSVISVNVLFFPMHFLGLAGMPRRIPDYAIQFADVNQVVSIGGFAFGLSQLIFLWLAIKCVRGGEPAPSKPWDRAEGLEWTVPSPAPHHTFTHPPKVD
> Vibrionimonas (sig),Sediminibacterium magnilacihabitans,PVEQ01000004.1,PQV61134.1,cytochrome c oxidase subunit 1 [Sediminibacterium magnilacihabitans],MSNEAVVHAHPGLAHEVHGDHHEHHHHETFITKYVFSQDHKMIAKQFLITGMVWAVLGGLMSVLFRLQLGYPDATFPWLEDILGKWAKGGRISDSAYYALVTTHGTVLVFFVLTAGLSGTFANFLIPLQVGARDMASPFMNMLSYWFFFIASVVMLSSLFVETGPFSGGWTAYPPLSALGSASPGSKTGMDLWLIAMALFVVSSLLGGLNYIATILNMRTKGMSMTRLPLTIWALFFTAVLGVLSFPVLLSGFILLIFDRNFGTSFYLSDIFVSGVGALPNEGGSAILYQHLFWFLGHPEVYIILLPAMGMVSEILSINSRKPIFGYMAMVGSLFAIAILAFLVWAHHMFVTGLNPFLGSVFVLLTLLIAVPSAIKVFNWLTTLWRGNIRFTPGMMFAIGFVSLFISGGLTGIWLGNSALDIHLHDTYFVIAHFHIVMGVASMFGMFAGVYHWYPKMYGRYLNNTLGYIHFWVTIAGAYMIFWPMHYQGLAGMPRRYYDYSNWESFKQFVELNRFISTVAMIVFAVQILFLFNFFYSIFKGRKVTSQNPWGATTLEWTAPIRPGHGNWTGEIPEVHRWAYDYGKDGKDFIPQTTPVGSDESEHH
